"school","official_website","city","state","association","division","conference","head_coach","tuition","size_category","enrollment","religious_affiliation"
"Adams State University","https://www.adams.edu/","Alamosa","Colorado","NCAA",2,"Rocky Mountain Athletic Conference","Jerome Austin",21847,"Small",1310,"None"
"Adelphi University","https://www.adelphi.edu/","Garden City","New York","NCAA",2,"Northeast-10 Conference","Gordon Purdie",50110,"Medium",5141,"None"
"Adrian College","https://adrian.edu/","Adrian","Michigan","NCAA",3,"Michigan Intercollegiate Athletic Association","Brett Wetzel",40556,"Small",1621,"Methodist"
"Albertus Magnus College","https://www.albertus.edu/","New Haven","Connecticut","NCAA",3,"Division III Independents","Chris Bronander",43118,"Small",684,"Catholic"
"Albion College","https://www.albion.edu/","Albion","Michigan","NCAA",3,"Michigan Intercollegiate Athletic Association","Jacob DeCola",57880,"Small",1295,"Methodist"
"Albright College","https://www.albright.edu/home/","Reading","Pennsylvania","NCAA",3,"Middle Atlantic Conferences","Derek Stump",30900,"Small",1222,"Methodist"
"Alfred University","https://www.alfred.edu/","Alfred","New York","NCAA",3,"Empire 8 Athletic Conference","Jason Lockner",39530,"Small",1381,"None"
"Allegheny College","https://allegheny.edu/","Meadville","Pennsylvania","NCAA",3,"North Coast Athletic Conference","Jeff Roberts",55860,"Small",1153,"None"
"Alma College","https://alma.edu/","Alma","Michigan","NCAA",3,"Michigan Intercollegiate Athletic Association","Zach Cameron",47430,"Small",1197,"Presbyterian"
"Alvernia University","https://www.alvernia.edu/","Reading","Pennsylvania","NCAA",3,"Middle Atlantic Conferences","Luke Franklin",44850,"Small",1735,"Catholic"
"American International College","https://www.aic.edu/","Springfield","Massachusetts","NCAA",2,"Northeast-10 Conference","",42970,"Small",1066,"None"
"Amherst College","https://www.amherst.edu/","Amherst","Massachusetts","NCAA",3,"New England Small College Athletic Conference","Sean Woods",67280,"Small",1910,"None"
"Anderson University – Indiana","https://anderson.edu/","Anderson","Indiana","NCAA",3,"Heartland Collegiate Athletic Conference","",35640,"Small",1017,"Pentecostal"
"Anderson University – South Carolina","https://andersonuniversity.edu/","Anderson","South Carolina","NCAA",2,"South Atlantic Conference","Matt Ledon",36360,"Medium",2841,"Baptist"
"Anna Maria College","https://www.annamaria.edu/","Paxton","Massachusetts","NCAA",3,"Eastern Collegiate Football Conference","Nate Mayo",43064,"Small",832,"Catholic"
"Anne Arundel Community College","https://www.aacc.edu/","Arnold","Maryland","JC","","MD JUCO","Mike Rice",15192,"Medium",2929,"None"
"Aquinas College – Michigan","https://www.aquinas.edu/","Grand Rapids","Michigan","NAIA","","Wolverine-Hoosier Athletic Conference","Peter Treppa",41192,"Small",969,"Catholic"
"Arcadia University","https://www.arcadia.edu/","Glenside","Pennsylvania","NCAA",3,"Middle Atlantic Conferences","Will Pilat",48760,"Medium",2030,"Presbyterian"
"Assumption University","https://www.assumption.edu/","Worcester","Massachusetts","NCAA",2,"Northeast-10 Conference","Guy Bourdon",52490,"Small",1669,"Catholic"
"Augustana College – Illinois","https://www.augustana.edu/","Rock Island","Illinois","NCAA",3,"College Conference of Illinois and Wisconsin","Darry Thornton",53186,"Medium",2501,"Lutheran"
"Aurora University","https://aurora.edu/","Aurora","Illinois","NCAA",3,"Northern Athletics Collegiate Conference","Reid Mayberry",28220,"Medium",3704,"None"
"Averett University","https://www.averett.edu/","Danville","Virginia","NCAA",3,"USA South Athletic Conference","Bryan Habick",38550,"Small",1055,"Baptist"
"Babson College","https://www.babson.edu/","Wellesley","Massachusetts","NCAA",3,"New England Women's & Men's Athletic Conference","Rocky Batty",56032,"Medium",2720,"None"
"Baldwin Wallace University","https://www.bw.edu/","Berea","Ohio","NCAA",3,"Ohio Athletic Conference","Tony Tatro",38832,"Medium",2707,"None"
"Barton College","https://www.barton.edu/","Wilson","North Carolina","NCAA",2,"Conference Carolinas","Warren Shumate",35600,"Small",978,"Calvinist/Reformed"
"Bates College","https://www.bates.edu/","Lewiston","Maine","NCAA",3,"New England Small College Athletic Conference","Dan Annino",66590,"Small",1753,"None"
"Bellarmine University","https://www.bellarmine.edu/","Louisville","Kentucky","NCAA",1,"ASUN Conference","",48180,"Medium",2218,"Catholic"
"Belmont Abbey College","https://belmontabbeycollege.edu/","Belmont","North Carolina","NCAA",2,"Conference Carolinas","Devin Cruz",19500,"Small",1404,"Catholic"
"Beloit College","https://www.beloit.edu/","Beloit","Wisconsin","NCAA",3,"Midwest Conference","Kevin Lerg",60364,"Small",916,"None"
"Benedictine College","https://www.benedictine.edu/","Atchison","Kansas","NAIA","","Heart of America Athletic Conference","Mark Crisco",36750,"Medium",2214,"Catholic"
"Bentley University","https://www.bentley.edu/","Waltham","Massachusetts","NCAA",2,"Northeast-10 Conference","Jim Murphy",58150,"Medium",4303,"None"
"Berry College","https://www.berry.edu/","Mount Berry","Georgia","NCAA",3,"Southern Athletic Association","Curtis Gilbert",40416,"Medium",2197,"None"
"Bethany College – West Virginia","https://www.bethanywv.edu/","Bethany","West Virginia","NCAA",3,"Presidents' Athletic Conference","Harold Pallone III",39814,"Small",639,"Calvinist/Reformed"
"Boston University","https://www.bu.edu/","Boston","Massachusetts","NCAA",1,"Patriot League","Ryan Polley",69870,"Large",17899,"None"
"Bowdoin College","https://www.bowdoin.edu/","Brunswick","Maine","NCAA",3,"New England Small College Athletic Conference","Bill Mason",71070,"Small",1873,"None"
"Brevard College","https://brevard.edu/","Brevard","North Carolina","NCAA",3,"South Atlantic Conference","Austin Hurley",31250,"Small",748,"Methodist"
"Bridgewater College","https://www.bridgewater.edu/","Bridgewater","Virginia","NCAA",3,"Old Dominion Athletic Conference","Mic Grant",15000,"Small",1385,"Anabaptist"
"Brookdale Community College","https://www.brookdalecc.edu/","Lincroft","New Jersey","JC","","Garden State Athletic Conference","",9806,"Medium",4029,"None"
"Brown University","https://www.brown.edu/","Providence","Rhode Island","NCAA",1,"Ivy League","Jon Torpey",68230,"Medium",7220,"None"
"Bryant University","https://www.bryant.edu/","Smithfield","Rhode Island","NCAA",1,"American East Conference","Brad Ross",51780,"Medium",3216,"None"
"Bucknell University","https://www.bucknell.edu/","Lewisburg","Pennsylvania","NCAA",1,"Patriot League","Frank Fedorjaka",67976,"Medium",3815,"None"
"Cairn University","https://www.cairn.edu/","Langhorne","Pennsylvania","NCAA",3,"Division III Independents","Matt LoStracco",32625,"Small",746,"None"
"Caldwell University","https://www.caldwell.edu/","Caldwell","New Jersey","NCAA",2,"Central Atlantic Collegiate Conference","Dominic Scorcia",39450,"Small",1392,"Catholic"
"Calvin University","https://calvin.edu/","Grand Rapids","Michigan","NCAA",3,"Michigan Intercollegiate Athletic Association","Dave Hoger",40500,"Medium",2739,"Calvinist/Reformed"
"Canisius College","https://www.canisius.edu/","Buffalo","New York","NCAA",1,"Metro Atlantic Athletic Conference","Mark Miyashita",33330,"Small",1731,"Catholic"
"Capital University","https://www.capital.edu/","Columbus","Ohio","NCAA",3,"Ohio Athletic Conference","Adam Stewart",43234,"Small",1678,"Lutheran"
"Carroll University","https://www.carrollu.edu/","Waukesha","Wisconsin","NCAA",3,"College Conference of Illinois and Wisconsin","Gabe Pearlman",37230,"Medium",2454,"Presbyterian"
"Carthage College","https://www.carthage.edu/","Kenosha","Wisconsin","NCAA",3,"College Conference of Illinois and Wisconsin","David Neff",36500,"Medium",2600,"None"
"Castleton University","https://www.vermontstate.edu/","Castleton","Vermont","NCAA",3,"Eastern Collegiate Football Conference","Nathan Snitz",20688,"Small",1461,"None"
"Catawba College","https://www.catawba.edu/","Salisbury","North Carolina","NCAA",2,"South Atlantic Conference","Mike Murphy",34300,"Small",1094,"None"
"Catholic University of America","https://www.catholic.edu/index.html","Washington","District Of Columbia","NCAA",3,"New England Women's & Men's Athletic Conference","Peter Donley",55834,"Medium",2885,"Catholic"
"Centenary College of Louisiana","https://www.centenary.edu/","Shreveport","Louisiana","NCAA",3,"Southern Collegiate Athletic Conference","Billy LeClair",41200,"Small",684,"Methodist"
"Centenary University – New Jersey","https://www.centenaryuniversity.edu/","Hackettstown","New Jersey","NCAA",3,"Colonial States Athletic Conference","Joe Lodato",36636,"Small",901,"Methodist"
"Centre College","https://www.centre.edu/","Danville","Kentucky","NCAA",3,"Southern Athletic Association","Phil Havira",54890,"Small",1395,"None"
"Chatham University","https://www.chatham.edu/","Pittsburgh","Pennsylvania","NCAA",3,"Presidents' Athletic Conference","Joe Conner",42250,"Small",1219,"None"
"Chestnut Hill College","https://www.chc.edu/","Philadelphia","Pennsylvania","NCAA",2,"Central Atlantic Collegiate Conference","Jim DeCarlo",39410,"Small",796,"Catholic"
"Chowan University","https://www.chowan.edu/","Murfreesboro","North Carolina","NCAA",2,"Conference Carolinas","P.R. Simshauser",27910,"Small",809,"Baptist"
"Christopher Newport University","https://cnu.edu/","Newport News","Virginia","NCAA",3,"Capital Athletic Conference","Mikey Thompson",31178,"Medium",4321,"None"
"Clark University","https://www.clarku.edu/","Worcester","Massachusetts","NCAA",3,"New England Women's & Men's Athletic Conference","Matt Colombini",59680,"Medium",2322,"None"
"Clarke University","https://www.clarke.edu/","Dubuque","Iowa","NAIA","","Heart of America Athletic Conference","Tucker La Belle",41000,"Small",725,"Catholic"
"Clarkson University","https://www.clarkson.edu/","Potsdam","New York","NCAA",3,"Liberty League","Bill Bergan",57950,"Medium",2478,"None"
"Cleveland State University","https://www.csuohio.edu/","Cleveland","Ohio","NCAA",1,"Horizon League","Andy German",17973,"Medium",7537,"None"
"Coker University","https://coker.edu/","Hartsville","South Carolina","NCAA",2,"South Atlantic Conference","Austin Ambrose",31854,"Small",766,"None"
"Colby College","https://www.colby.edu/","Waterville","Maine","NCAA",3,"New England Small College Athletic Conference","Jake Bernhardt",69600,"Medium",2282,"None"
"Colgate University","https://www.colgate.edu/","Hamilton","New York","NCAA",1,"Patriot League","Matt Karweck",73206,"Medium",3112,"None"
"College of DuPage","https://www.cod.edu/","Glen Ellyn","Illinois","JC","","Region 4","Bill Sanford",12510,"Medium",7142,"None"
"College of Mount Saint Vincent","https://mountsaintvincent.edu/","Bronx","New York","NCAA",3,"Skyline Conference","James Fitzgerald",44700,"Medium",2228,"Catholic"
"College of the Holy Cross","https://www.holycross.edu/","Worcester","Massachusetts","NCAA",1,"Patriot League","J.L. Reppert",68090,"Medium",3210,"Catholic"
"College of Wooster","https://wooster.edu/","Wooster","Ohio","NCAA",3,"North Coast Athletic Conference","Eric Seideman",64210,"Small",1723,"None"
"Colorado College","https://www.coloradocollege.edu/","Colorado Springs","Colorado","NCAA",3,"Southern Collegiate Athletic Conference","Mike Horowitz",73038,"Medium",2150,"None"
"Colorado Mesa University","https://www.coloradomesa.edu/","Grand Junction","Colorado","NCAA",2,"Rocky Mountain Athletic Conference","Troy Moyer",27843,"Medium",7068,"None"
"Colorado State University – Pueblo","https://www.csupueblo.edu/","Pueblo","Colorado","NCAA",2,"Rocky Mountain Athletic Conference","Sean Blair",17242,"Medium",2565,"None"
"Columbia College – Missouri","https://www.ccis.edu/","Columbia","Missouri","NAIA","","American Midwest Conference","Billy Dineen",24326,"Medium",2382,"Calvinist/Reformed"
"Concordia University – Chicago","https://www.cuchicago.edu/","River Forest","Illinois","NCAA",3,"Northern Athletics Collegiate Conference","Christopher Button",36258,"Small",1184,"Lutheran"
"Concordia University Wisconsin","https://www.cuw.edu/","Mequon","Wisconsin","NCAA",3,"Northern Athletics Collegiate Conference","Michael Fahey",34950,"Small",1927,"Lutheran"
"Connecticut College","https://www.conncoll.edu/","New London","Connecticut","NCAA",3,"New England Small College Athletic Conference","Jim Nagle",64812,"Small",1959,"None"
"Cornell College","https://www.cornellcollege.edu/","Mount Vernon","Iowa","NCAA",3,"Midwest Conference","Jack Spallone",50634,"Small",1075,"None"
"Cornell University","https://www.cornell.edu/","Ithaca","New York","NCAA",1,"Ivy League","Connor Buczek",88150,"Large",15899,"None"
"Curry College","https://www.curry.edu/","Milton","Massachusetts","NCAA",3,"Commonwealth Coast Conference","John Carroll",47140,"Small",1651,"None"
"D'Youville University","https://www.dyu.edu/","Buffalo","New York","NCAA",2,"East Coast Conference","Jack Wilson",33560,"Small",1068,"None"
"Dartmouth College","https://home.dartmouth.edu/","Hanover","New Hampshire","NCAA",1,"Ivy League","Sean Kirwan",65739,"Medium",4419,"None"
"Davenport University","https://www.davenport.edu/","Grand Rapids","Michigan","NCAA",2,"Great Lakes Valley Conference","Chris Esquivel",23324,"Small",1985,"None"
"Davis & Elkins College","https://www.dewv.edu/","Elkins","West Virginia","NCAA",2,"Great Midwest Athletic Conference","Tycen Allan",31270,"Small",653,"Presbyterian"
"Dean College","https://www.dean.edu/","Franklin","Massachusetts","NCAA",3,"Eastern Collegiate Football Conference","Matt Schairer",45260,"Small",1103,"None"
"Delaware Technical Community College","","Dover","Delaware","JC","","Eastern Pennsylvania Athletic Conference","","","","",""
"Delaware Valley University","https://delval.edu/","Doylestown","Pennsylvania","NCAA",3,"Middle Atlantic Conferences","Spencer MacQuarrie",43300,"Small",1583,"None"
"Denison University","https://www.denison.edu/","Granville","Ohio","NCAA",3,"North Coast Athletic Conference","Eric Koch",64000,"Medium",2391,"None"
"DePauw University","https://www.depauw.edu/","Greencastle","Indiana","NCAA",3,"North Coast Athletic Conference","Dan Ambrose",56990,"Small",1727,"None"
"DeSales University","https://www.desales.edu/","Center Valley","Pennsylvania","NCAA",3,"Middle Atlantic Conferences","Matthew Brancaccio",46500,"Small",1764,"Catholic"
"Dickinson College","https://www.dickinson.edu/","Carlisle","Pennsylvania","NCAA",3,"Centennial Conference","James Lettieri",62900,"Medium",2096,"None"
"Dominican University – New York","https://www.duny.edu/","Orangeburg","New York","NCAA",2,"Central Atlantic Collegiate Conference","Shelley Sheiner",34380,"Small",1025,"None"
"Drew University","https://drew.edu/","Madison","New Jersey","NCAA",3,"Landmark Conference","Dan Leidl",45360,"Small",1568,"Methodist"
"Drexel University","https://drexel.edu/","Philadelphia","Pennsylvania","NCAA",1,"Colonial Athletic Association","Tucker Durkin",60042,"Large",12505,"None"
"Duke University","https://duke.edu","Durham","North Carolina","NCAA",1,"Atlantic Coast Conference","Matt Danowski",73172,"Medium",6474,"None"
"Earlham College","https://earlham.edu/","Richmond","Indiana","NCAA",3,"Heartland Collegiate Athletic Conference","Taylor Lanzillo",53010,"Small",608,"Quaker"
"Eastern Connecticut State University","https://www.easternct.edu/","Willimantic","Connecticut","NCAA",3,"Little East Conference","Craig Gibson",17428,"Medium",3285,"None"
"Eastern University","https://www.eastern.edu","Saint Davids","Pennsylvania","NCAA",3,"Middle Atlantic Conferences","Tommy DeLuca",37680,"Small",1281,"Baptist"
"Edgewood College","https://www.edgewood.edu/","Madison","Wisconsin","NCAA",3,"Northern Athletics Collegiate Conference","Mitch Wilkins",34850,"Small",1053,"Catholic"
"Elizabethtown College","https://www.etown.edu/","Elizabethtown","Pennsylvania","NCAA",3,"Landmark Conference","Kyle McGuire",38370,"Small",1756,"Anabaptist"
"Elmhurst University","https://www.elmhurst.edu/","Elmhurst","Illinois","NCAA",3,"College Conference of Illinois and Wisconsin","Mark Morrell",41628,"Medium",2938,"Calvinist/Reformed"
"Embry-Riddle Aeronautical University","https://daytonabeach.erau.edu/","Daytona Beach","Florida","NCAA",2,"Sunshine State Conference","John Jez",44160,"Medium",7187,"None"
"Emerson College","https://emerson.edu/","Boston","Massachusetts","NCAA",3,"New England Women's & Men's Athletic Conference","Ken Thornby",59044,"Medium",3839,"None"
"Emmanuel College – Georgia","https://eu.edu/","Franklin Springs","Georgia","NCAA",2,"Conference Carolinas","Mark Destro",23664,"Small",702,"Pentecostal"
"Emmanuel College – Massachusetts","https://www.emmanuel.edu/","Boston","Massachusetts","NCAA",3,"Great Northeast Athletic Conference","Trevor Craven",51094,"Small",1825,"Catholic"
"Endicott College","https://www.endicott.edu/","Beverly","Massachusetts","NCAA",3,"Commonwealth Coast Football","Kevin Dean",39750,"Medium",3017,"None"
"Fairfield University","https://fairfield.edu/","Fairfield","Connecticut","NCAA",1,"Metro Atlantic Athletic Conference","Andrew Baxter",57450,"Medium",4655,"Catholic"
"Fairleigh Dickinson University – College at Florham","https://www.fdu.edu/","Madison","New Jersey","NCAA",3,"Middle Atlantic Conferences","Alex Stone",34400,"Small",1935,"None"
"Felician University","https://www.felician.edu/","Lodi","New Jersey","NCAA",2,"Central Atlantic Collegiate Conference","Brendan Bonacum",37830,"Small",1683,"Catholic"
"Ferrum College","https://www.ferrum.edu/","Ferrum","Virginia","NCAA",3,"USA South Athletic Conference","",27400,"Small",730,"Methodist"
"Finger Lakes Community College","https://www.flcc.edu/","Canandaigua","New York","JC","","Mid-State Athletic Conference","Josh Kierst",8250,"Medium",2070,"None"
"Flagler College – St. Augustine","https://www.flagler.edu/","Saint Augustine","Florida","NCAA",2,"Peach Belt Conference","Brian Duncan",26610,"Medium",2367,"None"
"Florida Southern College","https://www.flsouthern.edu/","Lakeland","Florida","NCAA",2,"Sunshine State Conference","Marty Ward",46168,"Medium",2527,"Methodist"
"Franciscan University of Steubenville","https://www.franciscan.edu/","Steubenville","Ohio","NCAA",3,"Allegheny Mountain Collegiate Conference","Pete Rosaschi",32630,"Medium",2571,"Catholic"
"Franklin & Marshall College","https://www.fandm.edu/","Lancaster","Pennsylvania","NCAA",3,"Centennial Conference","Todd Cavallaro",70794,"Small",1902,"None"
"Franklin Pierce University","https://www.franklinpierce.edu/","Rindge","New Hampshire","NCAA",2,"Northeast-10 Conference","Ryon Lynch",44963,"Small",872,"None"
"Frostburg State University","https://www.frostburg.edu/","Frostburg","Maryland","NCAA",2,"East Coast Conference","Steve Gartelman",25180,"Medium",2523,"None"
"Georgetown University","https://www.georgetown.edu/","Washington","District Of Columbia","NCAA",1,"Big East Conference","Kevin Warne",65081,"Medium",7220,"Catholic"
"Georgian Court University","https://georgian.edu/","Lakewood","New Jersey","NCAA",2,"Central Atlantic Collegiate Conference","Mickey Hover",35360,"Small",1121,"Catholic"
"Gettysburg College","https://www.gettysburg.edu/","Gettysburg","Pennsylvania","NCAA",3,"Centennial Conference","Peter Toner",68970,"Medium",2207,"None"
"Gordon College","https://www.gordon.edu/","Wenham","Massachusetts","NCAA",3,"Commonwealth Coast Conference","Zachary Scarano",29500,"Small",1221,"Christian (General)"
"Goucher College","https://www.goucher.edu/","Baltimore","Maryland","NCAA",3,"Landmark Conference","Kyle Hannan",53100,"Small",932,"None"
"Greensboro College","https://www.greensboro.edu/","Greensboro","North Carolina","NCAA",3,"USA South Athletic Conference","Nate Bates",20300,"Small",639,"Methodist"
"Grove City College","https://www.gcc.edu/","Grove City","Pennsylvania","NCAA",3,"Presidents' Athletic Conference","Ben Suchomma",22570,"Medium",2197,"Christian (General)"
"Guilford College","https://www.guilford.edu/","Greensboro","North Carolina","NCAA",3,"Old Dominion Athletic Conference","Dylan Neisler",41140,"Small",1085,"None"
"Gwynedd Mercy University","https://www.gmercyu.edu/","Gwynedd Valley","Pennsylvania","NCAA",3,"Colonial States Athletic Conference","Blase Cesarone",40560,"Small",1041,"Catholic"
"Hamilton College","https://www.hamilton.edu/","Clinton","New York","NCAA",3,"New England Small College Athletic Conference","Scott Barnard",71970,"Medium",2030,"None"
"Hampden-Sydney College","https://www.hsc.edu/","Hampden Sydney","Virginia","NCAA",3,"Old Dominion Athletic Conference","Jason Rostan",52388,"Small",873,"None"
"Hampton University","https://www.hamptonu.edu/","Hampton","Virginia","NCAA",1,"Colonial Athletic Association","Vincent Culpepper",29162,"Medium",3132,"None"
"Hanover College","https://www.hanover.edu/","Hanover","Indiana","NCAA",3,"Heartland Collegiate Athletic Conference","Michelangelo Butturi",44777,"Small",1024,"None"
"Harford Community College","https://www.harford.edu/","Bel Air","Maryland","JC","","MD JUCO","Aaron Verardi",8630,"Small",1627,"None"
"Hartwick College","https://www.hartwick.edu/","Oneonta","New York","NCAA",3,"Empire 8 Athletic Conference","Connor Bishop",22000,"Small",1093,"None"
"Harvard University","https://college.harvard.edu/","Cambridge","Massachusetts","NCAA",1,"Ivy League","(Offensive Coordinator)Neil Hutchinson",59076,"Medium",7316,"None"
"Haverford College","https://www.haverford.edu/","Haverford","Pennsylvania","NCAA",3,"Centennial Conference","Richard Carrington",69884,"Small",1419,"None"
"Heidelberg University","https://www.heidelberg.edu/","Tiffin","Ohio","NCAA",3,"Ohio Athletic Conference","Ryan Sinnema",33628,"Small",880,"Calvinist/Reformed"
"Hendrix College","https://www.hendrix.edu/","Conway","Arkansas","NCAA",3,"Southern Athletic Association","Brandon Marszalek",36650,"Small",1089,"Methodist"
"High Point University","https://www.highpoint.edu/","High Point","North Carolina","NCAA",1,"Big South Conference","John Crawley",42114,"Medium",4949,"Methodist"
"Hilbert College","https://www.hilbert.edu/","Hamburg","New York","NCAA",3,"Allegheny Mountain Collegiate Conference","Mike Carbery",30760,"Small",799,"Catholic"
"Hiram College","https://www.hiram.edu/","Hiram","Ohio","NCAA",3,"North Coast Athletic Conference","Jason Griffith",30200,"Small",698,"None"
"Hobart & William Smith College","https://www.hws.edu/","Geneva","New York","NCAA",1,"Atlantic 10 Conference","Stephen Brundage",63404,"Small",1780,"None"
"Hofstra University","https://www.hofstra.edu/","Hempstead","New York","NCAA",1,"Colonial Athletic Association","Seth Tierney",55450,"Medium",6001,"None"
"Hood College","https://www.hood.edu/","Frederick","Maryland","NCAA",3,"MAC Commonwealth Conference","Brad Barber",49380,"Small",1174,"None"
"Hope College","https://hope.edu/","Holland","Michigan","NCAA",3,"Michigan Intercollegiate Athletic Association","Michael Schanhals",43450,"Medium",3204,"Calvinist/Reformed"
"Howard Community College","https://www.howardcc.edu/","Columbia","Maryland","JC","","MD JUCO","Jack Watsic",8976,"Medium",2277,"None"
"Huntingdon College","https://www.huntingdon.edu/","Montgomery","Alabama","NCAA",3,"USA South Athletic Conference","Andrew Carey",28650,"Small",849,"Methodist"
"Husson University","https://www.husson.edu/","Bangor","Maine","NCAA",3,"Eastern Collegiate Football Conference","Mike O'Neill",23304,"Small",1982,"None"
"Illinois Institute of Technology","https://www.iit.edu/","Chicago","Illinois","NCAA",3,"Division III Independents","Dan Sharbaugh",51648,"Medium",2662,"None"
"Illinois Wesleyan University","https://www.iwu.edu/","Bloomington","Illinois","NCAA",3,"College Conference of Illinois and Wisconsin","Zach Iannucci",59226,"Small",1518,"None"
"Immaculata University","https://www.immaculata.edu/","East Whitehead","Pennsylvania","NCAA",3,"Colonial States Athletic Conference","Kent Snoddy",28550,"Small",1017,"Catholic"
"Indiana Tech","https://www.indianatech.edu/","Fort Wayne","Indiana","NAIA","","Wolverine-Hoosier Athletic Conference","Bryan Seaman",31915,"Small",1326,"None"
"Iona University","https://www.iona.edu/","New Rochelle","New York","NCAA",1,"Metro Atlantic Athletic Conference","Chad Surman",45880,"Medium",2701,"Catholic"
"Ithaca College","https://www.ithaca.edu/","Ithaca","New York","NCAA",3,"Liberty League","Tommy Pearce",56752,"Medium",4285,"None"
"Jacksonville University","https://www.ju.edu/admissions/prospective-students.php?utm_source=niche.com%2freferral&utm_medium=niche&utm_campaign=prospectivestudent25","Jacksonville","Florida","NCAA",1,"Atlantic Sun Conference","John Galloway",48500,"Medium",2337,"None"
"John Carroll University","https://jcu.edu/","University Heights","Ohio","NCAA",3,"Ohio Athletic Conference","Joe Rautenstrauch",49100,"Medium",2235,"Catholic"
"Johns Hopkins University","https://apply.jhu.edu/","Baltimore","Maryland","NCAA",1,"Big Ten Conference","",66670,"Medium",5607,"None"
"Johnson & Wales University – Providence","https://www.jwu.edu/campuses/providence/","Providence","Rhode Island","NCAA",3,"Great Northeast Athletic Conference","Jeff Cohen",39792,"Medium",4339,"None"
"Juniata College","https://www.juniata.edu/","Huntingdon","Pennsylvania","NCAA",3,"Centennial Conference","Dylan Abplanalp",59500,"Small",1242,"None"
"Kalamazoo College","https://www.kzoo.edu/","Kalamazoo","Michigan","NCAA",3,"Michigan Intercollegiate Athletic Association","Vince Redko",63276,"Small",1190,"None"
"Kean University","https://www.kean.edu/","Union","New Jersey","NCAA",3,"New Jersey Athletic Conference","Alex Lopes",22446,"Medium",9396,"None"
"Keene State College","https://www.keene.edu/","Keene","New Hampshire","NCAA",3,"Little East Conference","Mark Theriault",26186,"Medium",2655,"None"
"Kenyon College","https://www.kenyon.edu/","Gambier","Ohio","NCAA",3,"North Coast Athletic Conference","Doug Misarti",69330,"Small",1752,"None"
"Keuka College","https://www.keuka.edu/","Keuka Park","New York","NCAA",3,"North Eastern Athletic Conference","Ty Trombley",39292,"Small",841,"None"
"Keystone College","https://www.keystone.edu/","La Plume","Pennsylvania","NCAA",3,"Colonial States Athletic Conference","Brett Capps",18600,"Small",744,"None"
"King's College – Pennsylvania","https://www.kings.edu/","Wilkes-Barre","Pennsylvania","NCAA",3,"Division III Independents","",42600,"Small",1494,"Catholic"
"La Roche University","https://www.laroche.edu/","Pittsburgh","Pennsylvania","NCAA",3,"Division III Independents","Jimmy McCann",34164,"Small",703,"Catholic"
"Lafayette College","https://www.lafayette.edu/","Easton","Pennsylvania","NCAA",1,"Patriot League","Patrick Myers",66496,"Medium",2742,"None"
"LaGrange College","https://www.lagrange.edu/","LaGrange","Georgia","NCAA",3,"USA South Athletic Conference","Carter Brand",34540,"Small",562,"Methodist"
"Lake Erie College","https://www.lec.edu/","Painesville","Ohio","NCAA",2,"Great Midwest Athletic Conference","Sam Ashton",36032,"Small",678,"None"
"Lake Forest College","https://www.lakeforest.edu/","Lake Forest","Illinois","NCAA",3,"Midwest Conference","Phil Dodson",53300,"Small",1764,"None"
"Lander University","https://www.lander.edu/","Greenwood","South Carolina","NCAA",2,"Peach Belt Conference","Anthony LePore",21300,"Medium",3220,"None"
"Lasell University","https://www.lasell.edu/","Newton","Massachusetts","NCAA",3,"Great Northeast Athletic Conference","Dieter Treusdell",43134,"Small",1226,"None"
"Lawrence Technological University","https://ltu.edu/","Southfield","Michigan","NAIA","","Wolverine-Hoosier Athletic Conference","Shane Lewandowski",43410,"Small",1592,"None"
"Le Moyne College","https://www.lemoyne.edu/","Syracuse","New York","NCAA",2,"Northeast-10 Conference","Dan Sheehan",40656,"Medium",2185,"Catholic"
"Lebanon Valley College","https://www.lvc.edu/","Annville","Pennsylvania","NCAA",3,"Middle Atlantic Conferences","John Haus",52120,"Small",1587,"Methodist"
"Lees-McRae College","https://www.lmc.edu/","Banner Elk","North Carolina","NCAA",2,"Conference Carolinas","John Grant, Jr.",31140,"Small",795,"Presbyterian"
"Lehigh University","https://www.lehigh.edu/","Bethlehem","Pennsylvania","NCAA",1,"Patriot League","Will Scudder",66810,"Medium",5925,"None"
"Lenoir-Rhyne University","https://www.lr.edu/","Hickory","North Carolina","NCAA",2,"South Atlantic Conference","Greg Paradine",44200,"Small",1310,"Lutheran"
"Lewis University","https://www.lewisu.edu/index.htm","Romeoville","Illinois","NCAA",2,"Great Lakes Valley Conference","Joe Perruzzi",38800,"Medium",3154,"Catholic"
"Lincoln Memorial University","https://www.lmunet.edu/","Harrogate","Tennessee","NCAA",2,"South Atlantic Conference","Joe Wilson",26150,"Small",1268,"None"
"Lindenwood University","https://www.lindenwood.edu/","Saint Charles","Missouri","NCAA",1,"Ohio Valley Conference","Jim Lange",19900,"Medium",4053,"None"
"Lindenwood University","https://www.lindenwood.edu/","St. Charles","Missouri","NCAA",2,"ASUN Conference","Jim Lange",19900,"Medium",4053,"None"
"Long Island University","","Long Island","New York","NCAA",1,"Northeast Conference","","","",0,"None"
"Loyola University Maryland","https://www.loyola.edu/","Baltimore","Maryland","NCAA",1,"Patriot League","Charley Toomey",59150,"Medium",3847,"Catholic"
"Lycoming College","https://www.lycoming.edu/","Williamsport","Pennsylvania","NCAA",3,"Middle Atlantic Conferences","Tony Mackin",50944,"Small",1049,"None"
"Lynn University","https://www.lynn.edu/","Boca Raton","Florida","NCAA",2,"Sunshine State Conference","Mark Miller",42730,"Medium",2311,"None"
"Madonna University","https://www.madonna.edu/","Livonia","Michigan","NAIA","","Wolverine-Hoosier Athletic Conference","(Defensive Coordinator)Nick Pietras",29580,"Small",1329,"Catholic"
"Maine Maritime Academy","https://mainemaritime.edu/","Castine","Maine","NCAA",3,"New England Women's & Men's Athletic Conference","Brandon Melville",30226,"Small",861,"None"
"Malone University","https://www.malone.edu/","Canton","Ohio","NCAA",2,"Great Midwest Athletic Conference","Michael Campbell",35840,"Small",736,"Christian (General)"
"Manhattan College","https://www.manhattan.edu/","Riverdale","New York","NCAA",1,"Metro Atlantic Athletic Conference","Doug Sage",50850,"Medium",2783,"Catholic"
"Manhattanville College","https://www.mville.edu/","Purchase","New York","NCAA",3,"MAC Freedom Conference","Tom Albano",42950,"Small",1219,"None"
"Marian University – Wisconsin","https://www.marianuniversity.edu/","Fond du Lac","Wisconsin","NCAA",3,"Northern Athletics Collegiate Conference","James Daugherty",36824,"Small",914,"Catholic"
"Marietta College","https://www.marietta.edu/","Marietta","Ohio","NCAA",3,"Ohio Athletic Conference","",38974,"Small",1019,"None"
"Marist College","https://www.marist.edu/","Poughkeepsie","New York","NCAA",1,"Metro Atlantic Athletic Conference","Dave Scarcello",48800,"Medium",4881,"None"
"Marquette University","https://www.marquette.edu/","Milwaukee","Wisconsin","NCAA",1,"Big East Conference","Jake Richard",52070,"Medium",7599,"Catholic"
"Mars Hill University","https://www.mhu.edu/","Mars Hill","North Carolina","NCAA",2,"South Atlantic Conference","Josh Coons",37736,"Small",949,"None"
"Marymount University (VA)","https://www.marymount.edu/","Arlington","Virginia","NCAA",3,"Capital Athletic Conference","Jon Reynolds",41236,"Small",1721,"Catholic"
"Maryville University","https://www.maryville.edu/","Saint Louis","Missouri","NCAA",2,"Great Lakes Valley Conference","Scott Stark",27166,"Medium",2639,"None"
"Marywood University","https://www.marywood.edu/","Scranton","Pennsylvania","NCAA",3,"Colonial States Athletic Conference","Ryan Nowell",39570,"Small",1751,"Catholic"
"Massachusetts College of Liberal Arts","https://www.mcla.edu/","North Adams","Massachusetts","NCAA",3,"Massachusetts State Collegiate Athletic Conference","Kevin Pezanowski",20559,"Small",675,"None"
"Massachusetts Institute of Technology – MIT","https://web.mit.edu/","Cambridge","Massachusetts","NCAA",3,"New England Women's & Men's Athletic Conference","Tyler O'Keefe",60156,"Medium",4543,"None"
"McDaniel College","https://www.mcdaniel.edu/","Westminster","Maryland","NCAA",3,"Centennial Conference","T.C. DiBartolo",48672,"Small",1735,"None"
"Mercer County Community College","https://www.mccc.edu/","West Windsor","New Jersey","JC","","Garden State Athletic Conference","Matt Davies",8942,"Medium",2029,"None"
"Mercer University","https://www.mercer.edu/","Macon","Georgia","NCAA",1,"Southern Conference","Ryan Danehy",40890,"Medium",4177,"None"
"Mercy College","https://www.mercy.edu/","Dobbs Ferry","New York","NCAA",2,"East Coast Conference","Ryan MacSpadyen",23650,"Medium",5163,"None"
"Mercyhurst University","https://www.mercyhurst.edu/","Erie","Pennsylvania","NCAA",2,"Great Midwest Athletic Conference","Trey Keeley",44510,"Medium",2129,"Catholic"
"Merrimack College","https://www.merrimack.edu/","North Andover","Massachusetts","NCAA",1,"East Conference","Mike Sciamanna",51080,"Medium",3960,"Catholic"
"Messiah University","https://www.messiah.edu/","Mechanicsburg","Pennsylvania","NCAA",3,"Middle Atlantic Conferences","Jerry Standford",42540,"Medium",2254,"Christian (General)"
"Methodist University","https://www.methodist.edu/","Fayetteville","North Carolina","NCAA",3,"USA South Athletic Conference","Ryan McKay",39664,"Small",1346,"Methodist"
"Middlebury College","https://www.middlebury.edu/college/","Middlebury","Vermont","NCAA",3,"New England Small College Athletic Conference","Dave Campbell",65280,"Medium",2778,"None"
"Midland University","https://www.midlandu.edu/","Fremont","Nebraska","NAIA","","Great Plains Athletic Conference","Alex Myhre",41150,"Small",1333,"Lutheran"
"Milwaukee School of Engineering","https://www.msoe.edu/","Milwaukee","Wisconsin","NCAA",3,"Northern Athletics Collegiate Conference","Sean Farrell",46385,"Medium",2544,"None"
"Misericordia University","https://www.misericordia.edu/","Dallas","Pennsylvania","NCAA",3,"Middle Atlantic Conferences","Andrew Hauk",41000,"Small",1575,"Catholic"
"Missouri Baptist University","https://www.mobap.edu/","Saint Louis","Missouri","NAIA","","American Midwest Conference","Kelly Howell",33122,"Small",1371,"Baptist"
"Missouri Valley College","https://www.moval.edu/","Marshall","Missouri","NAIA","","Heart of America Athletic Conference","Josh Burns",23000,"Small",1253,"Presbyterian"
"Mitchell College","https://www.mitchell.edu/","New London","Connecticut","NCAA",3,"New England Collegiate Conference","JD LeMay",40490,"Small",409,"None"
"Molloy University","https://www.molloy.edu/","Rockville Centre","New York","NCAA",2,"East Coast Conference","Bill Dunn",39630,"Medium",2814,"Catholic"
"Monmouth College","","Monmouth","Illinois","NCAA",3,"Midwest Conference","","","","",""
"Monmouth University","https://www.monmouth.edu/","West Long Branch","New Jersey","NCAA",1,"Mid-Eastern Athletic Conference","Brian Fisher",44850,"Medium",3709,"None"
"Montclair State University","https://www.montclair.edu/","Montclair","New Jersey","NCAA",3,"New Jersey Athletic Conference","Matt Poskay",26002,"Large",16268,"None"
"Montreat College","https://www.montreat.edu/","Montreat","North Carolina","NAIA","","Appalachian Athletic Conference","Brian Holland",33860,"Small",676,"Christian (General)"
"Moravian University","https://www.moravian.edu/","Bethlehem","Pennsylvania","NCAA",3,"Centennial Conference","Dave Carty",53500,"Small",1861,"None"
"Morningside University","","Sioux City","Iowa","NAIA","","Great Plains Athletic Conference","","","","",""
"Mount Saint Mary College – New York","https://www.msmc.edu/","Newburgh","New York","NCAA",3,"Skyline Conference","Justin Lorenzo",45630,"Small",981,"Catholic"
"Mount St. Joseph University","https://www.msj.edu/","Cincinnati","Ohio","NCAA",3,"Heartland Collegiate Athletic Conference","Colin McSharar",38400,"Small",1062,"Catholic"
"Mount St. Mary's University","https://msmary.edu/","Emmitsburg","Maryland","NCAA",1,"Metro Atlantic Athletic Conference","Chris Ryan",47000,"Small",1719,"Catholic"
"Mount Vernon Nazarene University","https://www.mvnu.edu/","Mount Vernon","Ohio","NAIA","","Crossroads League","Ryan Farr",35524,"Small",1385,"Methodist"
"Muhlenberg College","https://www.muhlenberg.edu/","Allentown","Pennsylvania","NCAA",3,"Centennial Conference","Michael Sullinger",64510,"Small",1704,"None"
"Multnomah University","https://www.multnomah.edu/","Portland","Oregon","NAIA","","Cascade Collegiate Conference","",29560,"Small",294,"Christian (General)"
"Muskingum University","https://www.muskingum.edu/","New Concord","Ohio","NCAA",3,"Ohio Athletic Conference","Christian Hall",31440,"Small",1279,"Presbyterian"
"Nassau Community College","https://www.ncc.edu/","Garden City","New York","JC","","North Eastern Athletic","Karl Hedstrom",12130,"Medium",6755,"None"
"Nazareth College","https://www2.naz.edu/","Rochester","New York","NCAA",3,"Empire 8 Athletic Conference","Rob Randall",41870,"Small",1844,"None"
"Neumann University","https://www.neumann.edu/","Aston","Pennsylvania","NCAA",3,"Colonial States Athletic Conference","Evan Bohner",38120,"Small",1357,"Catholic"
"New England College","https://www.nec.edu/","Henniker","New Hampshire","NCAA",3,"North Atlantic Conference","Jedd Brown",41578,"Small",954,"None"
"New Jersey Institute of Technology","https://www.njit.edu/","Newark","New Jersey","NCAA",1,"American East Conference","Eric Wolf",35934,"Medium",7913,"None"
"Newberry College","https://www.newberry.edu/","Newberry","South Carolina","NCAA",2,"South Atlantic Conference","Nick Cotter",44600,"Small",1441,"Lutheran"
"Nichols College","https://www.nichols.edu/","Dudley","Massachusetts","NCAA",3,"Commonwealth Coast Football","Shayne Lynch",41115,"Small",1058,"None"
"North Central College","https://www.northcentralcollege.edu/","Naperville","Illinois","NCAA",3,"College Conference of Illinois and Wisconsin","Brendan Kearney",46810,"Medium",2454,"Methodist"
"North Central University","https://www.northcentral.edu/","Minneapolis","Minnesota","NCAA",3,"Upper Midwest Athletic Conference","",29460,"Small",756,"Pentecostal"
"North Greenville University","https://ngu.edu/","Tigerville","South Carolina","NCAA",2,"Conference Carolinas","Corey Struss",26620,"Small",1640,"Baptist"
"Northern Vermont University – Lyndon","","Lyndonville","Vermont","NCAA",3,"North Atlantic Conference","",20688,"Small",871,"None"
"Norwich University","https://www.norwich.edu/","Northfield","Vermont","NCAA",3,"New England Women's & Men's Athletic Conference","Dylan Curry",46860,"Medium",2112,"None"
"Oberlin College","https://www.oberlin.edu/","Oberlin","Ohio","NCAA",3,"North Coast Athletic Conference","Thomas Klosowski",66410,"Medium",2978,"None"
"Oglethorpe University","https://oglethorpe.edu/","Atlanta","Georgia","NCAA",3,"Southern Athletic Association","Jibril Stapleton",47180,"Small",1404,"None"
"Ohio Northern University","https://www.onu.edu/","Ada","Ohio","NCAA",3,"Ohio Athletic Conference","Nat St. Laurent",38250,"Medium",2569,"Methodist"
"Ohio State University","https://www.osu.edu/","Columbus","Ohio","NCAA",1,"Big Ten Conference","Travis Crane",40022,"Very Large",41983,"None"
"Ohio Wesleyan University","https://www.owu.edu/","Delaware","Ohio","NCAA",3,"North Coast Athletic Conference","Mike Plantholt",53888,"Small",1441,"None"
"Onondaga Community College","https://www.sunyocc.edu/","Syracuse","New York","JC","","Mid-State Athletic Conference","Erik Mattox",11332,"Medium",3161,"None"
"Ottawa University","","Ottawa","Kansas","NAIA","","Kansas Collegiate Athletic Conference","Kyle Beard",33380,"Small",776,"Baptist"
"Otterbein University","https://www.otterbein.edu/","Westerville","Ohio","NCAA",3,"Ohio Athletic Conference","Colin Hartnett",34899,"Small",1990,"Methodist"
"Pace University","https://www.pace.edu/","New York","New York","NCAA",2,"Northeast-10 Conference","Tom Mariano",49550,"Medium",7480,"None"
"Palm Beach Atlantic University","https://www.pba.edu/","West Palm Beach","Florida","NCAA",2,"Sunshine State Conference","Dan Carson",39400,"Medium",2316,"Christian (General)"
"Penn State","https://www.psu.edu/","University Park","Pennsylvania","NCAA",1,"Big Ten Conference","John Haus",40188,"Very Large",41011,"None"
"Pennsylvania College of Technology","https://www.pct.edu/","Williamsport","Pennsylvania","NCAA",3,"North Eastern Athletic Conference","",25680,"Medium",3517,"None"
"Pfeiffer University","https://www.pfeiffer.edu/","Misenheimer","North Carolina","NCAA",3,"USA South Athletic Conference",", Director of LacrosseTucker Nelson",33930,"Small",624,"Methodist"
"Piedmont University","https://www.piedmont.edu/","Demorest","Georgia","NCAA",3,"USA South Athletic Conference","Tim Dunton",32760,"Small",1135,"Calvinist/Reformed"
"Plymouth State University","https://www.plymouth.edu/","Plymouth","New Hampshire","NCAA",3,"Massachusetts State Collegiate Athletic Conference","Mike Wilus",26218,"Medium",3247,"None"
"Point University","https://point.edu/","West Point","Georgia","NAIA","","Apalachian Athletic Conference","Jordan Coates",22300,"Small",1012,"Restorationist"
"Post University","https://post.edu/","Waterbury","Connecticut","NCAA",2,"Central Atlantic Collegiate Conference","Pat Yannarelli",16610,"Medium",6048,"None"
"Princeton University","https://www.princeton.edu/","Princeton","New Jersey","NCAA",1,"Ivy League","Matt Madalon",59710,"Medium",5598,"None"
"Providence College","https://www.providence.edu/","Providence","Rhode Island","NCAA",1,"Big East Conference","Casey Brodersen",65960,"Medium",4482,"Catholic"
"Queens University of Charlotte","https://www.queens.edu/","Charlotte","North Carolina","NCAA",1,"Atlantic Sun Conference","Joe Turner",43285,"Small",1324,"None"
"Queens University of Charlotte","https://www.queens.edu/","Charlotte","North Carolina","NCAA",2,"ASUN Conference","Joe Turner",43285,"Small",1324,"None"
"Quincy University","https://www.quincy.edu/","Quincy","Illinois","NCAA",2,"Great Lakes Valley Conference","Jake Acevedo",35740,"Small",1011,"Catholic"
"Quinnipiac University","https://www.qu.edu/","Hamden","Connecticut","NCAA",1,"Metro Atlantic Athletic Conference","Mason Poli",52310,"Medium",6070,"None"
"Randolph College","https://www.randolphcollege.edu/","Lynchburg","Virginia","NCAA",3,"Old Dominion Athletic Conference","Andy Sinclair",29010,"Small",523,"None"
"Randolph-Macon College","https://www.rmc.edu/","Ashland","Virginia","NCAA",3,"Old Dominion Athletic Conference","Ryan Rohde",49100,"Small",1614,"Methodist"
"Regis College","https://www.regiscollege.edu/","Weston","Massachusetts","NCAA",3,"Great Northeast Athletic Conference","Scott Kessler",51420,"Small",887,"Catholic"
"Reinhardt University","https://www.reinhardt.edu/","Waleska","Georgia","NAIA","","Apalachian Athletic Conference","Trey Whittemore",28420,"Small",986,"Methodist"
"Rensselaer Polytechnic Institute – RPI","https://www.rpi.edu/","Troy","New York","NCAA",3,"Liberty League","Scott Hackett-Dalgliesh",64400,"Medium",5674,"None"
"Rhodes College","https://www.rhodes.edu/","Memphis","Tennessee","NCAA",3,"Southern Athletic Association","Billy Cameron",56300,"Small",1891,"None"
"Rivier University","https://www.rivier.edu/","Nashua","New Hampshire","NCAA",3,"Great Northeast Athletic Conference","James DeLanoy",41860,"Small",994,"Catholic"
"Roanoke College","https://www.roanoke.edu/","Salem","Virginia","NCAA",3,"Old Dominion Athletic Conference","Grant Zimmerman",39208,"Small",1768,"Lutheran"
"Robert Morris University – Pennsylvania","https://www.rmu.edu/","Moon Township","Pennsylvania","NCAA",1,"Northeast Conference","Craig McDonald",34940,"Medium",2741,"None"
"Roberts Wesleyan University","https://www.roberts.edu/","Rochester","New York","NCAA",2,"East Coast Conference","Rocky Delfino",38250,"Small",782,"Methodist"
"Rochester Institute of Technology","https://www.rit.edu/","Rochester","New York","NCAA",3,"Liberty League","Jake Coon",57016,"Large",12909,"None"
"Rockhurst University","https://www.rockhurst.edu/","Kansas City","Missouri","NCAA",2,"Great Lakes Valley Conference","Kevin Kelley",44650,"Small",1486,"Catholic"
"Roger Williams University","https://www.rwu.edu/","Bristol","Rhode Island","NCAA",3,"Commonwealth Coast Conference","Kevin Gould",45648,"Medium",3603,"None"
"Rollins College","https://www.rollins.edu/","Winter Park","Florida","NCAA",2,"Sunshine State Conference","Gary DiClementi",62950,"Medium",2371,"None"
"Rosemont College","https://www.rosemont.edu/","Rosemont","Pennsylvania","NCAA",3,"Colonial States Athletic Conference","",21175,"Small",347,"Catholic"
"Russell Sage College","https://sage.edu/","Troy","New York","NCAA",3,"Empire 8 Athletic Conference","Erich Skelly",36614,"Small",1085,"None"
"Rutgers University","https://admissions.rutgers.edu/","Piscataway","New Jersey","NCAA",1,"Big Ten Conference","Brian Brecht",33734,"Very Large",35082,"None"
"Sacred Heart University","https://www.sacredheart.edu/?utm_source=niche&utm_medium=organic&utm_campaign=niche&utm_term=visit&utm_content=hpbutton","Fairfield","Connecticut","NCAA",1,"Northeast Conference","Jon Basti",52090,"Medium",6856,"Catholic"
"Saint Anselm College","https://www.anselm.edu/","Manchester","New Hampshire","NCAA",2,"Northeast-10 Conference","Drew Bourdeau",45360,"Medium",2018,"Catholic"
"Saint Joseph's College of Maine","https://www.sjcme.edu/","Standish","Maine","NCAA",3,"Great Northeast Athletic Conference","Matt Gilbert",44120,"Small",747,"Catholic"
"Saint Joseph's University","https://www.sju.edu/","Philadelphia","Pennsylvania","NCAA",1,"Atlantic 10 Conference","Scott Meehan",53060,"Medium",4594,"Catholic"
"Saint Leo University","https://www.saintleo.edu/","Saint Leo","Florida","NCAA",2,"Sunshine State Conference","Chad Marino",28360,"Medium",4116,"Catholic"
"Saint Michael's College","https://www.smcvt.edu/","Colchester","Vermont","NCAA",2,"Northeast-10 Conference","Alex Smith",47640,"Small",1143,"Catholic"
"Saint Vincent College – Pennsylvania","https://www.stvincent.edu/","Latrobe","Pennsylvania","NCAA",3,"Presidents' Athletic Conference","Zach Wilfong",42416,"Small",1244,"Catholic"
"Salem State University","https://www.salemstate.edu/","Salem","Massachusetts","NCAA",3,"Massachusetts State Collegiate Athletic Conference","Stephen Driscoll",18961,"Medium",3754,"None"
"Salisbury University","https://www.salisbury.edu/","Salisbury","Maryland","NCAA",3,"Empire 8 Athletic Conference","Jim Berkman",21332,"Medium",5776,"None"
"Salve Regina University","https://www.salve.edu/","Newport","Rhode Island","NCAA",3,"Commonwealth Coast Football","Patrick Cooney",47930,"Medium",2064,"Catholic"
"Savannah College of Art & Design","https://www.scad.edu/","Savannah","Georgia","NAIA","","Sun Conference","Justin Moe",40595,"Large",12642,"None"
"Seton Hill University","https://www.setonhill.edu/","Greensburg","Pennsylvania","NCAA",2,"Great Midwest Athletic Conference","Chris Ilse",43774,"Small",1459,"Catholic"
"Sewanee – The University of the South","https://new.sewanee.edu/","Sewanee","Tennessee","NCAA",3,"Southern Athletic Association","Nick DiBernardo",58226,"Small",1594,"Episcopal"
"Shenandoah University","https://www.su.edu/","Winchester","Virginia","NCAA",3,"Old Dominion Athletic Conference","Tim Marshall",37860,"Medium",2055,"Methodist"
"Shorter University","https://www.shorter.edu/","Rome","Georgia","NCAA",2,"Peach Belt Conference","Stefan Duckett",23514,"Small",1063,"Baptist"
"Siena College","https://www.siena.edu/","Loudonville","New York","NCAA",1,"Metro Atlantic Athletic Conference","Tim Cox",44405,"Medium",3382,"Catholic"
"Skidmore College","https://www.skidmore.edu/","Saratoga Springs","New York","NCAA",3,"Liberty League","Joe Martin",70430,"Medium",2671,"None"
"Southern New Hampshire University","https://campus.snhu.edu/","Manchester","New Hampshire","NCAA",2,"Northeast-10 Conference","Paul Calkins",17010,"Medium",2285,"None"
"Southern Virginia University","https://svu.edu/","Buena Vista","Virginia","NCAA",3,"Capital Athletic Conference","Jason Lamb",20040,"Small",931,"None"
"Southwestern University","https://www.southwestern.edu/","Georgetown","Texas","NCAA",3,"Southern Collegiate Athletic Conference","Bill Bowman",53288,"Small",1459,"Methodist"
"Spalding University","https://www.spalding.edu/","Louisville","Kentucky","NCAA",3,"St. Louis Intercollegiate Athletic Conference","Kurt Ohlen",27850,"Small",513,"Catholic"
"Springfield College","https://springfield.edu/","Springfield","Massachusetts","NCAA",3,"ECAC (Division III, Football I-AA), Eastern Intercollegiate Volleyball Association (Division III), Empire Eight (Division III), New England College Wrestling Association (Division III), New England Women's and Men's Athletic Conference (Division III), Pilgrim League (Division III)","Sean Quirk",43707,"Small",1904,"None"
"St. Ambrose University","https://www.sau.edu/","Davenport","Iowa","NAIA","","Chicagoland Collegiate Athletic Conference","Devin Caesar",35598,"Small",1937,"Catholic"
"St. Bonaventure University","https://www.sbu.edu/","Saint Bonaventure","New York","NCAA",1,"Atlantic 10 Conference","Brendan Storrier",38950,"Small",1875,"Catholic"
"St. John Fisher College","https://www.sjf.edu/","Rochester","New York","NCAA",3,"Empire 8 Athletic Conference","Dave Dobbins",40090,"Medium",2525,"Catholic"
"St. John's University – New York","https://www.stjohns.edu/","Queens","New York","NCAA",1,"Big East Conference","Justin Turri",50110,"Medium",9578,"Catholic"
"St. Lawrence University","https://www.stlawu.edu/","Canton","New York","NCAA",3,"Liberty League","Mike Mahoney",65900,"Small",1918,"None"
"St. Mary's College of Maryland","https://www.smcm.edu","St. Mary's City","Maryland","NCAA",3,"Capital Athletic Conference","Jason Childs",32244,"Small",1545,"None"
"St. Thomas Aquinas College","https://www.stac.edu/","Sparkill","New York","NCAA",2,"East Coast Conference","Brett Capps",39450,"Small",1859,"None"
"Stevens Institute of Technology","https://www.stevens.edu/","Hoboken","New Jersey","NCAA",3,"Empire 8 Athletic Conference","Gene Peluso",65606,"Medium",4190,"None"
"Stevenson University","https://www.stevenson.edu/","Stevenson","Maryland","NCAA",3,"Middle Atlantic Conferences","Paul Cantabene",39708,"Medium",2753,"None"
"Stockton University","https://www.stockton.edu/","Galloway","New Jersey","NCAA",3,"New Jersey Athletic Conference","Kevin Zulauf",25258,"Medium",7266,"None"
"SUNY Binghamton University","https://www.binghamton.edu/","Vestal","New York","NCAA",1,"America East Conference","Kevin McKeown",26950,"Large",14408,"None"
"SUNY Canton","https://www.canton.edu/","Canton","New York","NCAA",3,"Other","",17490,"Medium",2345,"None"
"SUNY College at Brockport","https://www.brockport.edu/","Brockport","New York","NCAA",3,"Empire 8 Athletic Conference","Nick Fiorentino",14140,"Medium",4840,"None"
"SUNY College at Oneonta","https://suny.oneonta.edu/","Oneonta","New York","NCAA",3,"State University of New York Athletic Conference","Pete Owens",19195,"Medium",4760,"None"
"SUNY College of Agriculture & Technology at Cobleskill","https://www.cobleskill.edu/","Cobleskill","New York","NCAA",3,"North Eastern Athletic Conference","Greg Valachovic",16980,"Small",1673,"None"
"SUNY Cortland","https://www2.cortland.edu/","Cortland","New York","NCAA",3,"State University of New York Athletic Conference","Lelan Rogers",18725,"Medium",5772,"None"
"SUNY Delhi","https://www.delhi.edu/","Delhi","New York","NCAA",3,"Mountain Valley Collegiate Conference","Sam Miller",12480,"Medium",2223,"None"
"SUNY Farmingdale State College","https://www.farmingdale.edu/","Farmingdale","New York","NCAA",3,"Skyline Conference","Sean Chamberlain",18486,"Medium",7622,"None"
"SUNY Genesee Community College","https://www.genesee.edu/","Batavia","New York","JC","","Western New York Athletic Conference","Kevin Henneberry",6500,"Small",1443,"None"
"SUNY Geneseo","https://www.geneseo.edu/","Geneseo","New York","NCAA",3,"State University of New York Athletic Conference","Ian Nash",36569,"Medium",3994,"None"
"SUNY Herkimer County Community College","https://www.herkimer.edu/","Herkimer","New York","JC","","Mountain Valley Collegiate Conference","Bob Leary",5776,"Small",940,"None"
"SUNY Hudson Valley Community College","https://www.hvcc.edu/","Troy","New York","JC","","Mountain Valley Collegiate Conference","Nick Vennard",11750,"Medium",4675,"None"
"SUNY Jefferson Community College","https://www.sunyjefferson.edu/","Watertown","New York","JC","","Mid-State Athletic Conference","Chad Parker",6048,"Small",1086,"None"
"SUNY Maritime College","https://www.sunymaritime.edu/","Throggs Neck","New York","NCAA",3,"Eastern Collegiate Football Conference","Justin Manjares",18450,"Small",1167,"None"
"SUNY Mohawk Valley Community College","https://www.mvcc.edu/","Utica","New York","JC","","Mountain Valley Collegiate Conference","Nick Evanoff",8695,"Medium",2474,"None"
"SUNY Monroe Community College","https://www.monroecc.edu/","Rochester","New York","JC","","Western New York Athletic Conference","Jason Tebo",10400,"Medium",4694,"None"
"SUNY Morrisville","https://www.morrisville.edu/","Morrisville","New York","NCAA",3,"Empire 8 Athletic Conference","Christopher Cooper",19189,"Small",1700,"None"
"SUNY New Paltz","https://www.newpaltz.edu/","New Paltz","New York","NCAA",3,"State University of New York Athletic Conference","Kroy Arnold",18434,"Medium",5564,"None"
"SUNY Oswego","https://www.oswego.edu/","Oswego","New York","NCAA",3,"State University of New York Athletic Conference","Andrew Daly",16980,"Medium",5517,"None"
"SUNY Plattsburgh","https://www.plattsburgh.edu/","Plattsburgh","New York","NCAA",3,"State University of New York Athletic Conference","Zach Nedbalski",18791,"Medium",3404,"None"
"SUNY Potsdam","https://www.potsdam.edu/","Potsdam","New York","NCAA",3,"State University of New York Athletic Conference","Gill Conners",18622,"Small",1894,"None"
"SUNY Purchase College","https://www.purchase.edu/","Purchase","New York","NCAA",3,"Skyline Conference","Jake Fitzgerald",18863,"Medium",2918,"None"
"SUNY Stony Brook University","https://www.stonybrook.edu/","Stony Brook","New York","NCAA",1,"Colonial Athletic Association","Anthony Gilardi",30350,"Large",16493,"None"
"SUNY Tompkins Cortland Community College","https://www.tompkinscortland.edu/","Dryden","New York","JC","","Mid-State Athletic Conference","Justin Coffman",13055,"Small",1194,"None"
"SUNY University at Albany","https://www.albany.edu/","Albany","New York","NCAA",1,"America East Conference","Scott Marr",31926,"Large",12017,"None"
"Susquehanna University","https://www.susqu.edu/","Selinsgrove","Pennsylvania","NCAA",3,"Centennial Conference","Stewart Moan",57400,"Medium",2113,"None"
"Sussex County Community College","https://www.sussex.edu/","Newton","New Jersey","JC","","Region 19","Matt Sciancalepore",9024,"Small",1348,"None"
"Swarthmore College","https://www.swarthmore.edu/","Swarthmore","Pennsylvania","NCAA",3,"Centennial Conference","Pat Gress",68766,"Small",1641,"None"
"Syracuse University","https://www.syracuse.edu/","Syracuse","New York","NCAA",1,"American Athletics Conference","Pat March",63061,"Large",15081,"None"
"Taylor University","https://www.taylor.edu/","Upland","Indiana","NAIA","","Crossroads League","Chad Newhard",39104,"Small",1863,"Christian (General)"
"Tennessee Wesleyan University","https://www.tnwesleyan.edu/","Athens","Tennessee","NAIA","","Appalachian Athletic Conference","Kevin Parker",30590,"Small",766,"Methodist"
"Thiel College","https://www.thiel.edu/","Greenville","Pennsylvania","NCAA",3,"Presidents' Athletic Conference","Alex Skvarch",36864,"Small",789,"Lutheran"
"Thomas College","https://www.thomas.edu/","Waterville","Maine","NCAA",3,"North Atlantic Conference","(Defensive Coordinator)Tom Sheridan",30896,"Small",696,"None"
"Thomas More University","https://www.thomasmore.edu/","Crestview Hills","Kentucky","NCAA",2,"Great Midwest Athletic Conference","Sean McGinnis",33060,"Small",1323,"Catholic"
"Tiffin University","https://www.tiffin.edu/","Tiffin","Ohio","NCAA",2,"Great Midwest Athletic Conference","Travis Brown",32400,"Small",1555,"None"
"Towson University","https://www.towson.edu/","Towson","Maryland","NCAA",1,"Colonial Athletic Association","Shawn Nadelen",31332,"Large",14548,"None"
"Transylvania University","https://www.transy.edu/","Lexington","Kentucky","NCAA",3,"Heartland Collegiate Athletic Conference","Logan Otto",44980,"Small",1001,"None"
"Trine University","https://www.trine.edu/","Angola","Indiana","NCAA",3,"Michigan Intercollegiate Athletic Association","Ryan Kuhn",35600,"Medium",2341,"None"
"Trinity College – Connecticut","https://www.trincoll.edu/","Hartford","Connecticut","NCAA",3,"New England Small College Athletic Conference","Scott Heisler",67420,"Medium",2181,"None"
"Tufts University","https://www.tufts.edu/","Medford","Massachusetts","NCAA",3,"New England Small College Athletic Conference","(Defensive Coordinator)Stephen Toomy",71982,"Medium",6685,"None"
"Tusculum University","https://site.tusculum.edu/","Greeneville","Tennessee","NCAA",2,"South Atlantic Conference","Mike Brisbin",28500,"Small",827,"Presbyterian"
"Union College – New York","https://www.union.edu/","Schenectady","New York","NCAA",3,"Liberty League","Derek Witheford",71676,"Medium",2057,"None"
"Union County College","https://www.ucc.edu/","Cranford","New Jersey","JC","","Garden State Athletic Conference","Salah Saadaoui",9500,"Medium",3649,"None"
"United States Air Force Academy","https://www.usafa.edu/","Usafa","Colorado","NCAA",1,"Mountain West Conference","Bill Wilson","","Medium",4124,"None"
"United States Coast Guard Academy","https://www.uscga.edu/","New London","Connecticut","NCAA",3,"New England Women's & Men's Athletic Conference","Ray LaForte","","Small",1081,"None"
"United States Merchant Marine Academy","https://www.usmma.edu/","Kings Point","New York","NCAA",3,"New England Women's & Men's Athletic Conference","Dan Paccione",945,"Small",947,"None"
"United States Military Academy","https://www.westpoint.edu/","West Point","New York","NCAA",1,"Patriot League","Kyle Georgalas","","Medium",4508,"None"
"United States Naval Academy","https://www.usna.edu/homepage.php","Annapolis","Maryland","NCAA",1,"Patriot League","(Defensive Coordinator)John Orsen","","Medium",4465,"None"
"University of Alabama – Huntsville","https://www.uah.edu/","Huntsville","Alabama","NCAA",2,"Peach Belt Conference","Jordan Warren",24662,"Medium",5644,"None"
"University of Bridgeport","https://www.bridgeport.edu/","Bridgeport","Connecticut","NCAA",2,"Central Atlantic Collegiate Conference","Ryan McAleavey",35760,"Small",1255,"None"
"University of Dallas","","Irving","Texas","NCAA",3,"Southern Collegiate Athletic Conference","","","","",""
"University of Delaware","https://www.udel.edu/","Newark","Delaware","NCAA",1,"Colonial Athletic Association","Trey Wilkes",39720,"Large",18084,"None"
"University of Denver","https://www.du.edu/","Denver","Colorado","NCAA",1,"The Summit League","Matt Brown",59340,"Medium",5755,"None"
"University of Detroit Mercy","https://www.udmercy.edu/","Detroit","Michigan","NCAA",1,"Horizon League","Charlie Hayes",32300,"Medium",2129,"Catholic"
"University of Dubuque","https://www.dbq.edu//","Dubuque","Iowa","NCAA",3,"Iowa Intercollegiate Athletic Conference","Tyler Thomas",40065,"Small",1256,"Presbyterian"
"University of Hartford","https://www.hartford.edu/","West Hartford","Connecticut","NCAA",3,"America East Conference","Ryan Martin",47647,"Medium",3841,"None"
"University of Health Sciences & Pharmacy in St. Louis (UHSP)","https://www.uhsp.edu/","Saint Louis","Missouri","NAIA","","American Midwest Conference","Christian Diaz",31950,"Small",271,"None"
"University of Indianapolis","https://uindy.edu/","Indianapolis","Indiana","NCAA",2,"Great Lakes Valley Conference","Greg Stocks",36504,"Medium",2848,"None"
"University of Lynchburg","https://www.lynchburg.edu/","Lynchburg","Virginia","NCAA",3,"Old Dominion Athletic Conference","Steve Koudelka",37850,"Small",1559,"Calvinist/Reformed"
"University of Maine at Farmington","","Farmington","Maine","NCAA",3,"North Atlantic Conference","","","","",""
"University of Mary Washington","https://www.umw.edu/","Fredericksburg","Virginia","NCAA",3,"Capital Athletic Conference","Kyle Hofstaedter",42094,"Medium",3037,"None"
"University of Maryland","https://www.umd.edu/","College Park","Maryland","NCAA",1,"Big Ten Conference","John Tillman",40306,"Very Large",28498,"None"
"University of Maryland – Baltimore County","https://umbc.edu/","Baltimore","Maryland","NCAA",1,"America East Conference","Ryan Moran",30308,"Medium",9073,"None"
"University of Massachusetts – Amherst","https://www.umass.edu/","Amherst","Massachusetts","NCAA",1,"Atlantic 10 Conference","Kyle Smith",39293,"Very Large",22537,"None"
"University of Massachusetts – Boston","https://www.umb.edu/","Boston","Massachusetts","NCAA",3,"Little East Conference","Tyler Low",38125,"Medium",9957,"None"
"University of Massachusetts – Lowell","https://www.uml.edu/","Lowell","Massachusetts","NCAA",1,"America East Conference","Drew Kelleher",35396,"Medium",9450,"None"
"University of Michigan","https://umich.edu/","Ann Arbor","Michigan","NCAA",1,"Big Ten Conference","Kevin Conry",58072,"Very Large",32345,"None"
"University of Michigan – Dearborn","https://umdearborn.edu/","Dearborn","Michigan","NAIA","","Wolverine-Hoosier Athletic Conference","Jason Watts",31360,"Medium",4815,"None"
"University of Montevallo","https://www.montevallo.edu/","Montevallo","Alabama","NCAA",2,"Peach Belt Conference","Jason Lange",26730,"Small",1936,"None"
"University of Mount Olive","https://umo.edu/","Mount Olive","North Carolina","NCAA",2,"Conference Carolinas","Dylan Price",25950,"Small",1244,"Baptist"
"University of Mount Union","https://www.mountunion.edu/","Alliance","Ohio","NCAA",3,"Ohio Athletic Conference","Dominic Perella",35400,"Small",1779,"Methodist"
"University of New England","https://www.une.edu/","Biddeford","Maine","NCAA",3,"Commonwealth Coast Conference","Nick Neugebauer",42650,"Medium",2191,"None"
"University of North Carolina at Chapel Hill","https://admissions.unc.edu/","Chapel Hill","North Carolina","NCAA",1,"Atlantic Coast Conference","Joe Breschi",37360,"Large",19939,"None"
"University of Northwestern – St. Paul","https://www.unwsp.edu/","Saint Paul","Minnesota","NCAA",3,"Upper Midwest Athletic Conference","Jay Mayes",36830,"Small",1847,"Christian (General)"
"University of Notre Dame","https://www.nd.edu/","Notre Dame","Indiana","NCAA",1,"Division I-A Independents","Kevin Corrigan",67607,"Medium",8866,"Catholic"
"University of Pennsylvania – Penn","https://www.upenn.edu/","Philadelphia","Pennsylvania","NCAA",1,"Ivy League","Taylor Wray",66104,"Large",10610,"None"
"University of Richmond","https://www.richmond.edu/","","Virginia","NCAA",1,"Atlantic 10 Conference","Dan Chemotti",65230,"Medium",2942,"None"
"University of Saint Joseph","https://www.usj.edu/","West Hartford","Connecticut","NCAA",3,"Great Northeast Athletic Conference","Will Cullen",48386,"Small",812,"Catholic"
"University of Saint Mary","https://www.stmary.edu/","Leavenworth","Kansas","NAIA","","Kansas Collegiate Athletic Conference","Mike Tyrrell",33890,"Small",806,"Catholic"
"University of Scranton","https://www.scranton.edu/","Scranton","Pennsylvania","NCAA",3,"Landmark Conference","Michael Hofmeister",53208,"Medium",3511,"Catholic"
"University of Southern Maine","https://usm.maine.edu/","Portland","Maine","NCAA",3,"Little East Conference","Sam Manders",27930,"Medium",3567,"None"
"University of Tampa","https://www.ut.edu/","Tampa","Florida","NCAA",2,"Sunshine State Conference","Ryan Sullivan",33424,"Medium",9925,"None"
"University of the Cumberlands","https://www.ucumberlands.edu/","Williamsburg","Kentucky","NAIA","","Mid-South Conference","Kody Swann",9875,"Medium",2796,"Baptist"
"University of Utah","https://www.utah.edu/","Salt Lake City","Utah","NCAA",1,"Pacific-12 Conference","Andrew McMinn",29837,"Very Large",22374,"None"
"University of Vermont","https://www.uvm.edu/","Burlington","Vermont","NCAA",1,"America East Conference","Chris Feifs",44646,"Large",11410,"None"
"University of Virginia","https://www.virginia.edu/","Charlottesville","Virginia","NCAA",1,"Atlantic Coast Conference","Lars Tiffany",58014,"Large",16829,"None"
"Ursinus College","https://www.ursinus.edu/","Collegeville","Pennsylvania","NCAA",3,"Centennial Conference","Ryan Burke",59196,"Small",1473,"None"
"Utica University","https://www.utica.edu/","Utica","New York","NCAA",3,"Empire 8 Athletic Conference","Sean Behan",27380,"Medium",2255,"None"
"Vassar College","https://www.vassar.edu/","Poughkeepsie","New York","NCAA",3,"Liberty League","John McCreery",73275,"Medium",2406,"None"
"Villanova University","https://www.villanova.edu/","Villanova","Pennsylvania","NCAA",1,"Big East Conference","Mike Corrado",66838,"Medium",7087,"Catholic"
"Virginia Military Institute – VMI","https://www.vmi.edu/","Lexington","Virginia","NCAA",1,"Big South Conference","Taylor Mendoza",51186,"Small",1560,"None"
"Virginia Wesleyan University","https://www.vwu.edu/","Norfolk","Virginia","NCAA",3,"Old Dominion Athletic Conference","Sam Jones",36010,"Small",1180,"None"
"Wabash College","https://www.wabash.edu/","Crawfordsville","Indiana","NCAA",3,"North Coast Athletic Conference","Nate Webber",51300,"Small",900,"None"
"Wagner College","https://wagner.edu/","Staten Island","New York","NCAA",1,"Northeast Conference","Will Fox",52000,"Small",1544,"None"
"Walsh University","https://www.walsh.edu/","North Canton","Ohio","NCAA",2,"Great Midwest Athletic Conference","David Salter",34595,"Small",1224,"Catholic"
"Warren Wilson College","https://www.warren-wilson.edu/","Swannanoa","North Carolina","NCAA",3,"NCAA Division III & USCAA","Jeffrey Woodside",25500,"Small",725,"None"
"Washington & Jefferson College","https://www.washjeff.edu/","Washington","Pennsylvania","NCAA",3,"Presidents' Athletic Conference","Jacob Bow",28185,"Small",1306,"None"
"Washington & Lee University","https://www.wlu.edu/","Lexington","Virginia","NCAA",3,"Old Dominion Athletic Conference","(Offensive Coordinator)Will Garrett",68045,"Small",1887,"None"
"Washington College","https://www.washcoll.edu/","Chestertown","Maryland","NCAA",3,"Centennial Conference","John Nostrant",56988,"Small",893,"None"
"Webber International University","https://www.webber.edu/","Babson Park","Florida","NAIA","","Sun Conference","Chris Burdick",32150,"Small",844,"None"
"Wentworth Institute of Technology","https://wit.edu/","Boston","Massachusetts","NCAA",3,"Commonwealth Coast Conference","Dan Russo",40410,"Medium",3464,"None"
"Wesleyan University","https://www.wesleyan.edu/","Middletown","Connecticut","NCAA",3,"New England Small College Athletic Conference","John Raba",67316,"Medium",2969,"None"
"Westcliff University","https://www.westcliff.edu/","Irvine","California","NAIA","","California Pacific Conference","Michael Song",21000,"Small",1363,"None"
"Western Connecticut State University","https://www.wcsu.edu/","Danbury","Connecticut","NCAA",3,"Freedom Football Conference","(Defensive Coordinator)Ryan Cavanagh",16095,"Medium",3234,"None"
"Western New England University","https://wne.edu/","Springfield","Massachusetts","NCAA",3,"Commonwealth Coast Football","John Klepacki",46430,"Medium",2433,"None"
"Westminster College – Pennsylvania","https://www.westminster.edu/","New Wilmington","Pennsylvania","NCAA",3,"Presidents' Athletic Conference","Anthony Accardi",39540,"Small",1050,"Presbyterian"
"Westminster College – Utah","https://westminsteru.edu/","Salt Lake City","Utah","NCAA",2,"Rocky Mountain Athletic Conference","Brad Lavoie",44980,"Small",920,"None"
"Wheaton College – Massachusetts","https://www.wheatoncollege.edu/","Norton","Massachusetts","NCAA",3,"New England Women's & Men's Athletic Conference","Kyle Hart",64980,"Small",1746,"None"
"Wheeling University","https://www.wheeling.edu/","Wheeling","West Virginia","NCAA",2,"Great Midwest Athletic Conference","Gage Bradshaw",29475,"Small",560,"Catholic"
"Whittier College","","Whittier","California","NCAA",3,"Southern California Intercollegiate Athletic Conference","","","","",""
"Widener University","https://www.widener.edu/","Chester","Pennsylvania","NCAA",3,"Middle Atlantic Conferences","Robb Chambers",54660,"Medium",2781,"None"
"Wilkes University","https://www.wilkes.edu/","Wilkes-Barre","Pennsylvania","NCAA",3,"Middle Atlantic Conferences","Jordan Drumheller",44742,"Small",1807,"None"
"William Jewell College","https://www.jewell.edu/","Liberty","Missouri","NCAA",2,"Great Lakes Valley Conference","Andrew Briones",18600,"Small",841,"None"
"William Peace University","https://www.peace.edu/","Raleigh","North Carolina","NCAA",3,"USA South Athletic Conference","Troy Humphrey",33150,"Small",562,"Presbyterian"
"William Penn University","https://www.wmpenn.edu/","Oskaloosa","Iowa","NAIA","","Heart of America Athletic Conference","Luke Christiansen",28750,"Small",1337,"Quaker"
"Williams College","https://www.williams.edu/","Williamstown","Massachusetts","NCAA",3,"New England Small College Athletic Conference","George McCormack",72170,"Medium",2070,"None"
"Williamson College of the Trades","https://www.williamson.edu/","Media","Pennsylvania","JC","","Eastern States Athletic Conference","Jim DeRose",30858,"Small",313,"None"
"Wilmington College","https://www.wilmington.edu/","Wilmington","Ohio","NCAA",3,"Ohio Athletic Conference","Brian Kingsbury",30962,"Small",889,"Quaker"
"Wilmington University","https://www.wilmu.edu/","New Castle","Delaware","NCAA",2,"Central Atlantic Collegiate Conference","Christian Zwickert",12330,"Medium",3032,"None"
"Wingate University","https://www.wingate.edu/","Wingate","North Carolina","NCAA",2,"South Atlantic Conference","Tim Boyle",50860,"Medium",2424,"None"
"Wittenberg University","https://www.wittenberg.edu/","Springfield","Ohio","NCAA",3,"North Coast Athletic Conference","Jay Owen",44966,"Small",1215,"Lutheran"
"Yale University","https://www.yale.edu/","New Haven","Connecticut","NCAA",1,"Ivy League","Andy Shay",64700,"Medium",6805,"None"
"York College of Pennsylvania","https://www.ycp.edu/","York","Pennsylvania","NCAA",3,"Capital Athletic Conference","Brandon Childs",28270,"Medium",3070,"None"
"Young Harris College","https://www.yhc.edu/","Young Harris","Georgia","NCAA",2,"Peach Belt Conference","Branden Geldart",32350,"Small",893,"Methodist"